query,product_id,relevance_score
hydrating cleanser,110,5
hydrating cleanser,51,5
hydrating cleanser,2,5
hydrating cleanser,4,5
hydrating cleanser,105,5
hydrating cleanser,133,5
hydrating cleanser,115,5
hydrating cleanser,147,5
hydrating cleanser,76,5
hydrating cleanser,22,5
hydrating cleanser,86,4
hydrating cleanser,57,4
hydrating cleanser,42,4
hydrating cleanser,28,4
hydrating cleanser,136,4
hydrating cleanser,109,4
hydrating cleanser,152,4
hydrating cleanser,38,4
hydrating cleanser,69,4
hydrating cleanser,95,4
hydrating cleanser,1,3
hydrating cleanser,3,3
hydrating cleanser,5,3
hydrating cleanser,6,3
hydrating cleanser,7,3
hydrating cleanser,8,3
hydrating cleanser,9,3
hydrating cleanser,10,3
hydrating cleanser,11,3
hydrating cleanser,12,3
hydrating cleanser,13,2
hydrating cleanser,14,2
hydrating cleanser,15,2
hydrating cleanser,16,2
hydrating cleanser,17,2
hydrating cleanser,18,2
hydrating cleanser,19,2
hydrating cleanser,20,2
hydrating cleanser,21,2
hydrating cleanser,23,2
hydrating cleanser,24,1
hydrating cleanser,25,1
hydrating cleanser,26,1
hydrating cleanser,27,1
hydrating cleanser,29,1
hydrating cleanser,30,1
hydrating cleanser,31,1
hydrating cleanser,32,1
hydrating cleanser,33,1
hydrating cleanser,34,1
gentle exfoliating cleaner,35,5
gentle exfoliating cleaner,76,5
gentle exfoliating cleaner,15,5
gentle exfoliating cleaner,111,5
gentle exfoliating cleaner,33,5
gentle exfoliating cleaner,78,5
gentle exfoliating cleaner,41,5
gentle exfoliating cleaner,2,5
gentle exfoliating cleaner,89,5
gentle exfoliating cleaner,152,5
gentle exfoliating cleaner,147,4
gentle exfoliating cleaner,143,4
gentle exfoliating cleaner,73,4
gentle exfoliating cleaner,85,4
gentle exfoliating cleaner,11,4
gentle exfoliating cleaner,22,4
gentle exfoliating cleaner,1,4
gentle exfoliating cleaner,3,4
gentle exfoliating cleaner,4,4
gentle exfoliating cleaner,5,4
gentle exfoliating cleaner,6,3
gentle exfoliating cleaner,7,3
gentle exfoliating cleaner,8,3
gentle exfoliating cleaner,9,3
gentle exfoliating cleaner,10,3
gentle exfoliating cleaner,12,3
gentle exfoliating cleaner,13,3
gentle exfoliating cleaner,14,3
gentle exfoliating cleaner,16,3
gentle exfoliating cleaner,17,3
gentle exfoliating cleaner,18,2
gentle exfoliating cleaner,19,2
gentle exfoliating cleaner,20,2
gentle exfoliating cleaner,21,2
gentle exfoliating cleaner,23,2
gentle exfoliating cleaner,24,2
gentle exfoliating cleaner,25,2
gentle exfoliating cleaner,26,2
gentle exfoliating cleaner,27,2
gentle exfoliating cleaner,28,2
gentle exfoliating cleaner,29,1
gentle exfoliating cleaner,30,1
gentle exfoliating cleaner,31,1
gentle exfoliating cleaner,32,1
gentle exfoliating cleaner,34,1
gentle exfoliating cleaner,36,1
gentle exfoliating cleaner,37,1
gentle exfoliating cleaner,38,1
gentle exfoliating cleaner,39,1
gentle exfoliating cleaner,40,1
vitamin c sunscreen,23,5
vitamin c sunscreen,127,5
vitamin c sunscreen,6,5
vitamin c sunscreen,61,5
vitamin c sunscreen,91,5
vitamin c sunscreen,129,5
vitamin c sunscreen,153,5
vitamin c sunscreen,81,5
vitamin c sunscreen,68,5
vitamin c sunscreen,49,5
vitamin c sunscreen,18,4
vitamin c sunscreen,148,4
vitamin c sunscreen,136,4
vitamin c sunscreen,150,4
vitamin c sunscreen,126,4
vitamin c sunscreen,8,4
vitamin c sunscreen,87,4
vitamin c sunscreen,93,4
vitamin c sunscreen,60,4
vitamin c sunscreen,103,4
vitamin c sunscreen,11,3
vitamin c sunscreen,50,3
vitamin c sunscreen,41,3
vitamin c sunscreen,123,3
vitamin c sunscreen,27,3
vitamin c sunscreen,138,3
vitamin c sunscreen,109,3
vitamin c sunscreen,124,3
vitamin c sunscreen,30,3
vitamin c sunscreen,98,3
vitamin c sunscreen,19,2
vitamin c sunscreen,1,2
vitamin c sunscreen,2,2
vitamin c sunscreen,3,2
vitamin c sunscreen,4,2
vitamin c sunscreen,5,2
vitamin c sunscreen,7,2
vitamin c sunscreen,9,2
vitamin c sunscreen,10,2
vitamin c sunscreen,12,2
vitamin c sunscreen,13,1
vitamin c sunscreen,14,1
vitamin c sunscreen,15,1
vitamin c sunscreen,16,1
vitamin c sunscreen,17,1
vitamin c sunscreen,20,1
vitamin c sunscreen,21,1
vitamin c sunscreen,22,1
vitamin c sunscreen,24,1
vitamin c sunscreen,25,1
adapalene gel that doesn't burn my skin,27,5
adapalene gel that doesn't burn my skin,13,5
adapalene gel that doesn't burn my skin,138,5
adapalene gel that doesn't burn my skin,12,5
adapalene gel that doesn't burn my skin,122,5
adapalene gel that doesn't burn my skin,120,5
adapalene gel that doesn't burn my skin,141,5
adapalene gel that doesn't burn my skin,119,5
adapalene gel that doesn't burn my skin,3,5
adapalene gel that doesn't burn my skin,51,5
adapalene gel that doesn't burn my skin,61,4
adapalene gel that doesn't burn my skin,54,4
adapalene gel that doesn't burn my skin,118,4
adapalene gel that doesn't burn my skin,109,4
adapalene gel that doesn't burn my skin,85,4
adapalene gel that doesn't burn my skin,25,4
adapalene gel that doesn't burn my skin,71,4
adapalene gel that doesn't burn my skin,19,4
adapalene gel that doesn't burn my skin,22,4
adapalene gel that doesn't burn my skin,2,4
adapalene gel that doesn't burn my skin,4,3
adapalene gel that doesn't burn my skin,134,3
adapalene gel that doesn't burn my skin,7,3
adapalene gel that doesn't burn my skin,8,3
adapalene gel that doesn't burn my skin,9,3
adapalene gel that doesn't burn my skin,10,3
adapalene gel that doesn't burn my skin,135,3
adapalene gel that doesn't burn my skin,139,3
adapalene gel that doesn't burn my skin,140,3
adapalene gel that doesn't burn my skin,14,3
adapalene gel that doesn't burn my skin,144,2
adapalene gel that doesn't burn my skin,17,2
adapalene gel that doesn't burn my skin,18,2
adapalene gel that doesn't burn my skin,146,2
adapalene gel that doesn't burn my skin,149,2
adapalene gel that doesn't burn my skin,151,2
adapalene gel that doesn't burn my skin,152,2
adapalene gel that doesn't burn my skin,29,2
adapalene gel that doesn't burn my skin,31,2
adapalene gel that doesn't burn my skin,32,2
adapalene gel that doesn't burn my skin,35,1
adapalene gel that doesn't burn my skin,38,1
adapalene gel that doesn't burn my skin,40,1
adapalene gel that doesn't burn my skin,43,1
adapalene gel that doesn't burn my skin,44,1
adapalene gel that doesn't burn my skin,48,1
adapalene gel that doesn't burn my skin,50,1
adapalene gel that doesn't burn my skin,52,1
adapalene gel that doesn't burn my skin,56,1
adapalene gel that doesn't burn my skin,57,1
sunscreen for acne-prone skin,18,5
sunscreen for acne-prone skin,22,5
sunscreen for acne-prone skin,8,5
sunscreen for acne-prone skin,16,5
sunscreen for acne-prone skin,41,5
sunscreen for acne-prone skin,107,5
sunscreen for acne-prone skin,93,5
sunscreen for acne-prone skin,60,5
sunscreen for acne-prone skin,142,5
sunscreen for acne-prone skin,87,5
sunscreen for acne-prone skin,45,4
sunscreen for acne-prone skin,11,4
sunscreen for acne-prone skin,2,4
sunscreen for acne-prone skin,4,4
sunscreen for acne-prone skin,134,4
sunscreen for acne-prone skin,7,4
sunscreen for acne-prone skin,135,4
sunscreen for acne-prone skin,9,4
sunscreen for acne-prone skin,10,4
sunscreen for acne-prone skin,139,4
sunscreen for acne-prone skin,12,3
sunscreen for acne-prone skin,13,3
sunscreen for acne-prone skin,14,3
sunscreen for acne-prone skin,140,3
sunscreen for acne-prone skin,144,3
sunscreen for acne-prone skin,17,3
sunscreen for acne-prone skin,146,3
sunscreen for acne-prone skin,149,3
sunscreen for acne-prone skin,151,3
sunscreen for acne-prone skin,152,3
sunscreen for acne-prone skin,29,2
sunscreen for acne-prone skin,31,2
sunscreen for acne-prone skin,32,2
sunscreen for acne-prone skin,35,2
sunscreen for acne-prone skin,38,2
sunscreen for acne-prone skin,40,2
sunscreen for acne-prone skin,43,2
sunscreen for acne-prone skin,44,2
sunscreen for acne-prone skin,48,2
sunscreen for acne-prone skin,50,2
sunscreen for acne-prone skin,52,1
sunscreen for acne-prone skin,56,1
sunscreen for acne-prone skin,57,1
sunscreen for acne-prone skin,64,1
sunscreen for acne-prone skin,67,1
sunscreen for acne-prone skin,72,1
sunscreen for acne-prone skin,81,1
sunscreen for acne-prone skin,83,1
sunscreen for acne-prone skin,86,1
sunscreen for acne-prone skin,90,1
cleaner that doesn't strip away my natural oils,35,5
cleaner that doesn't strip away my natural oils,85,5
cleaner that doesn't strip away my natural oils,27,5
cleaner that doesn't strip away my natural oils,138,5
cleaner that doesn't strip away my natural oils,124,5
cleaner that doesn't strip away my natural oils,73,5
cleaner that doesn't strip away my natural oils,119,5
cleaner that doesn't strip away my natural oils,110,5
cleaner that doesn't strip away my natural oils,87,5
cleaner that doesn't strip away my natural oils,150,5
cleaner that doesn't strip away my natural oils,108,4
cleaner that doesn't strip away my natural oils,17,4
cleaner that doesn't strip away my natural oils,152,4
cleaner that doesn't strip away my natural oils,118,4
cleaner that doesn't strip away my natural oils,30,4
cleaner that doesn't strip away my natural oils,38,4
cleaner that doesn't strip away my natural oils,132,4
cleaner that doesn't strip away my natural oils,42,4
cleaner that doesn't strip away my natural oils,104,4
cleaner that doesn't strip away my natural oils,99,4
cleaner that doesn't strip away my natural oils,19,3
cleaner that doesn't strip away my natural oils,1,3
cleaner that doesn't strip away my natural oils,2,3
cleaner that doesn't strip away my natural oils,3,3
cleaner that doesn't strip away my natural oils,4,3
cleaner that doesn't strip away my natural oils,5,3
cleaner that doesn't strip away my natural oils,6,3
cleaner that doesn't strip away my natural oils,7,3
cleaner that doesn't strip away my natural oils,8,3
cleaner that doesn't strip away my natural oils,9,3
cleaner that doesn't strip away my natural oils,10,2
cleaner that doesn't strip away my natural oils,11,2
cleaner that doesn't strip away my natural oils,12,2
cleaner that doesn't strip away my natural oils,13,2
cleaner that doesn't strip away my natural oils,14,2
cleaner that doesn't strip away my natural oils,15,2
cleaner that doesn't strip away my natural oils,16,2
cleaner that doesn't strip away my natural oils,18,2
cleaner that doesn't strip away my natural oils,20,2
cleaner that doesn't strip away my natural oils,21,2
cleaner that doesn't strip away my natural oils,22,1
cleaner that doesn't strip away my natural oils,23,1
cleaner that doesn't strip away my natural oils,24,1
cleaner that doesn't strip away my natural oils,25,1
cleaner that doesn't strip away my natural oils,26,1
cleaner that doesn't strip away my natural oils,28,1
cleaner that doesn't strip away my natural oils,29,1
cleaner that doesn't strip away my natural oils,31,1
cleaner that doesn't strip away my natural oils,32,1
cleaner that doesn't strip away my natural oils,33,1
toner that maintains my skin barrier,95,5
toner that maintains my skin barrier,58,5
toner that maintains my skin barrier,107,5
toner that maintains my skin barrier,119,5
toner that maintains my skin barrier,46,5
toner that maintains my skin barrier,70,5
toner that maintains my skin barrier,75,5
toner that maintains my skin barrier,143,5
toner that maintains my skin barrier,103,5
toner that maintains my skin barrier,42,5
toner that maintains my skin barrier,22,4
toner that maintains my skin barrier,2,4
toner that maintains my skin barrier,4,4
toner that maintains my skin barrier,134,4
toner that maintains my skin barrier,7,4
toner that maintains my skin barrier,8,4
toner that maintains my skin barrier,9,4
toner that maintains my skin barrier,10,4
toner that maintains my skin barrier,135,4
toner that maintains my skin barrier,12,4
toner that maintains my skin barrier,13,3
toner that maintains my skin barrier,14,3
toner that maintains my skin barrier,139,3
toner that maintains my skin barrier,140,3
toner that maintains my skin barrier,17,3
toner that maintains my skin barrier,18,3
toner that maintains my skin barrier,144,3
toner that maintains my skin barrier,146,3
toner that maintains my skin barrier,149,3
toner that maintains my skin barrier,151,3
toner that maintains my skin barrier,152,2
toner that maintains my skin barrier,29,2
toner that maintains my skin barrier,31,2
toner that maintains my skin barrier,32,2
toner that maintains my skin barrier,35,2
toner that maintains my skin barrier,38,2
toner that maintains my skin barrier,40,2
toner that maintains my skin barrier,43,2
toner that maintains my skin barrier,44,2
toner that maintains my skin barrier,48,2
toner that maintains my skin barrier,50,1
toner that maintains my skin barrier,52,1
toner that maintains my skin barrier,56,1
toner that maintains my skin barrier,57,1
toner that maintains my skin barrier,60,1
toner that maintains my skin barrier,64,1
toner that maintains my skin barrier,67,1
toner that maintains my skin barrier,72,1
toner that maintains my skin barrier,81,1
toner that maintains my skin barrier,83,1
products that treat Eczema,48,5
products that treat Eczema,66,5
products that treat Eczema,19,5
products that treat Eczema,1,5
products that treat Eczema,2,5
products that treat Eczema,3,5
products that treat Eczema,4,5
products that treat Eczema,5,5
products that treat Eczema,6,5
products that treat Eczema,7,5
products that treat Eczema,8,4
products that treat Eczema,9,4
products that treat Eczema,10,4
products that treat Eczema,11,4
products that treat Eczema,12,4
products that treat Eczema,13,4
products that treat Eczema,14,4
products that treat Eczema,15,4
products that treat Eczema,16,4
products that treat Eczema,17,4
products that treat Eczema,18,3
products that treat Eczema,20,3
products that treat Eczema,21,3
products that treat Eczema,22,3
products that treat Eczema,23,3
products that treat Eczema,24,3
products that treat Eczema,25,3
products that treat Eczema,26,3
products that treat Eczema,27,3
products that treat Eczema,28,3
products that treat Eczema,29,2
products that treat Eczema,30,2
products that treat Eczema,31,2
products that treat Eczema,32,2
products that treat Eczema,33,2
products that treat Eczema,34,2
products that treat Eczema,35,2
products that treat Eczema,36,2
products that treat Eczema,37,2
products that treat Eczema,38,2
products that treat Eczema,39,1
products that treat Eczema,40,1
products that treat Eczema,41,1
products that treat Eczema,42,1
products that treat Eczema,43,1
products that treat Eczema,44,1
products that treat Eczema,45,1
products that treat Eczema,46,1
products that treat Eczema,47,1
products that treat Eczema,49,1
vegan skincare,119,5
vegan skincare,99,5
vegan skincare,31,5
vegan skincare,98,5
vegan skincare,131,5
vegan skincare,54,5
vegan skincare,142,5
vegan skincare,53,5
vegan skincare,145,5
vegan skincare,116,5
vegan skincare,122,4
vegan skincare,1,4
vegan skincare,2,4
vegan skincare,3,4
vegan skincare,4,4
vegan skincare,5,4
vegan skincare,6,4
vegan skincare,7,4
vegan skincare,8,4
vegan skincare,9,4
vegan skincare,10,3
vegan skincare,11,3
vegan skincare,12,3
vegan skincare,13,3
vegan skincare,14,3
vegan skincare,15,3
vegan skincare,16,3
vegan skincare,17,3
vegan skincare,18,3
vegan skincare,19,3
vegan skincare,20,2
vegan skincare,21,2
vegan skincare,22,2
vegan skincare,23,2
vegan skincare,24,2
vegan skincare,25,2
vegan skincare,26,2
vegan skincare,27,2
vegan skincare,28,2
vegan skincare,29,2
vegan skincare,30,1
vegan skincare,32,1
vegan skincare,33,1
vegan skincare,34,1
vegan skincare,35,1
vegan skincare,36,1
vegan skincare,37,1
vegan skincare,38,1
vegan skincare,39,1
vegan skincare,40,1
moisturizer for humid climates,81,5
moisturizer for humid climates,151,5
moisturizer for humid climates,129,5
moisturizer for humid climates,145,5
moisturizer for humid climates,46,5
moisturizer for humid climates,115,5
moisturizer for humid climates,47,5
moisturizer for humid climates,120,5
moisturizer for humid climates,155,5
moisturizer for humid climates,71,5
moisturizer for humid climates,1,4
moisturizer for humid climates,2,4
moisturizer for humid climates,3,4
moisturizer for humid climates,4,4
moisturizer for humid climates,5,4
moisturizer for humid climates,6,4
moisturizer for humid climates,7,4
moisturizer for humid climates,8,4
moisturizer for humid climates,9,4
moisturizer for humid climates,10,4
moisturizer for humid climates,11,3
moisturizer for humid climates,12,3
moisturizer for humid climates,13,3
moisturizer for humid climates,14,3
moisturizer for humid climates,15,3
moisturizer for humid climates,16,3
moisturizer for humid climates,17,3
moisturizer for humid climates,18,3
moisturizer for humid climates,19,3
moisturizer for humid climates,20,3
moisturizer for humid climates,21,2
moisturizer for humid climates,22,2
moisturizer for humid climates,23,2
moisturizer for humid climates,24,2
moisturizer for humid climates,25,2
moisturizer for humid climates,26,2
moisturizer for humid climates,27,2
moisturizer for humid climates,28,2
moisturizer for humid climates,29,2
moisturizer for humid climates,30,2
moisturizer for humid climates,31,1
moisturizer for humid climates,32,1
moisturizer for humid climates,33,1
moisturizer for humid climates,34,1
moisturizer for humid climates,35,1
moisturizer for humid climates,36,1
moisturizer for humid climates,37,1
moisturizer for humid climates,38,1
moisturizer for humid climates,39,1
moisturizer for humid climates,40,1
korean skincare,119,5
korean skincare,31,5
korean skincare,98,5
korean skincare,131,5
korean skincare,54,5
korean skincare,142,5
korean skincare,53,5
korean skincare,145,5
korean skincare,116,5
korean skincare,122,5
korean skincare,1,4
korean skincare,2,4
korean skincare,3,4
korean skincare,4,4
korean skincare,5,4
korean skincare,6,4
korean skincare,7,4
korean skincare,8,4
korean skincare,9,4
korean skincare,10,4
korean skincare,11,3
korean skincare,12,3
korean skincare,13,3
korean skincare,14,3
korean skincare,15,3
korean skincare,16,3
korean skincare,17,3
korean skincare,18,3
korean skincare,19,3
korean skincare,20,3
korean skincare,21,2
korean skincare,22,2
korean skincare,23,2
korean skincare,24,2
korean skincare,25,2
korean skincare,26,2
korean skincare,27,2
korean skincare,28,2
korean skincare,29,2
korean skincare,30,2
korean skincare,32,1
korean skincare,33,1
korean skincare,34,1
korean skincare,35,1
korean skincare,36,1
korean skincare,37,1
korean skincare,38,1
korean skincare,39,1
korean skincare,40,1
korean skincare,41,1
makeup removal products,117,5
makeup removal products,2,5
makeup removal products,152,5
makeup removal products,80,5
makeup removal products,53,5
makeup removal products,132,5
makeup removal products,35,5
makeup removal products,19,5
makeup removal products,141,5
makeup removal products,1,5
makeup removal products,3,4
makeup removal products,4,4
makeup removal products,5,4
makeup removal products,6,4
makeup removal products,7,4
makeup removal products,8,4
makeup removal products,9,4
makeup removal products,10,4
makeup removal products,11,4
makeup removal products,12,4
makeup removal products,13,3
makeup removal products,14,3
makeup removal products,15,3
makeup removal products,16,3
makeup removal products,17,3
makeup removal products,18,3
makeup removal products,20,3
makeup removal products,21,3
makeup removal products,22,3
makeup removal products,23,3
makeup removal products,24,2
makeup removal products,25,2
makeup removal products,26,2
makeup removal products,27,2
makeup removal products,28,2
makeup removal products,29,2
makeup removal products,30,2
makeup removal products,31,2
makeup removal products,32,2
makeup removal products,33,2
makeup removal products,34,1
makeup removal products,36,1
makeup removal products,37,1
makeup removal products,38,1
makeup removal products,39,1
makeup removal products,40,1
makeup removal products,41,1
makeup removal products,42,1
makeup removal products,43,1
makeup removal products,44,1
best sunscreen for UV protection,87,5
best sunscreen for UV protection,93,5
best sunscreen for UV protection,11,5
best sunscreen for UV protection,60,5
best sunscreen for UV protection,74,5
best sunscreen for UV protection,18,5
best sunscreen for UV protection,50,5
best sunscreen for UV protection,154,5
best sunscreen for UV protection,8,5
best sunscreen for UV protection,148,5
best sunscreen for UV protection,9,4
best sunscreen for UV protection,1,4
best sunscreen for UV protection,2,4
best sunscreen for UV protection,3,4
best sunscreen for UV protection,4,4
best sunscreen for UV protection,5,4
best sunscreen for UV protection,6,4
best sunscreen for UV protection,7,4
best sunscreen for UV protection,10,4
best sunscreen for UV protection,12,4
best sunscreen for UV protection,13,3
best sunscreen for UV protection,14,3
best sunscreen for UV protection,15,3
best sunscreen for UV protection,16,3
best sunscreen for UV protection,17,3
best sunscreen for UV protection,19,3
best sunscreen for UV protection,20,3
best sunscreen for UV protection,21,3
best sunscreen for UV protection,22,3
best sunscreen for UV protection,23,3
best sunscreen for UV protection,24,2
best sunscreen for UV protection,25,2
best sunscreen for UV protection,26,2
best sunscreen for UV protection,27,2
best sunscreen for UV protection,28,2
best sunscreen for UV protection,29,2
best sunscreen for UV protection,30,2
best sunscreen for UV protection,31,2
best sunscreen for UV protection,32,2
best sunscreen for UV protection,33,2
best sunscreen for UV protection,34,1
best sunscreen for UV protection,35,1
best sunscreen for UV protection,36,1
best sunscreen for UV protection,37,1
best sunscreen for UV protection,38,1
best sunscreen for UV protection,39,1
best sunscreen for UV protection,40,1
best sunscreen for UV protection,41,1
best sunscreen for UV protection,42,1
best sunscreen for UV protection,43,1
how to repair damaged skin barrier,75,5
how to repair damaged skin barrier,103,5
how to repair damaged skin barrier,128,5
how to repair damaged skin barrier,55,5
how to repair damaged skin barrier,119,5
how to repair damaged skin barrier,46,5
how to repair damaged skin barrier,25,5
how to repair damaged skin barrier,70,5
how to repair damaged skin barrier,143,5
how to repair damaged skin barrier,42,5
how to repair damaged skin barrier,22,4
how to repair damaged skin barrier,2,4
how to repair damaged skin barrier,4,4
how to repair damaged skin barrier,134,4
how to repair damaged skin barrier,7,4
how to repair damaged skin barrier,8,4
how to repair damaged skin barrier,9,4
how to repair damaged skin barrier,10,4
how to repair damaged skin barrier,135,4
how to repair damaged skin barrier,12,4
how to repair damaged skin barrier,13,3
how to repair damaged skin barrier,14,3
how to repair damaged skin barrier,139,3
how to repair damaged skin barrier,140,3
how to repair damaged skin barrier,17,3
how to repair damaged skin barrier,18,3
how to repair damaged skin barrier,144,3
how to repair damaged skin barrier,146,3
how to repair damaged skin barrier,149,3
how to repair damaged skin barrier,151,3
how to repair damaged skin barrier,152,2
how to repair damaged skin barrier,29,2
how to repair damaged skin barrier,31,2
how to repair damaged skin barrier,32,2
how to repair damaged skin barrier,35,2
how to repair damaged skin barrier,38,2
how to repair damaged skin barrier,40,2
how to repair damaged skin barrier,43,2
how to repair damaged skin barrier,44,2
how to repair damaged skin barrier,48,2
how to repair damaged skin barrier,50,1
how to repair damaged skin barrier,52,1
how to repair damaged skin barrier,56,1
how to repair damaged skin barrier,57,1
how to repair damaged skin barrier,60,1
how to repair damaged skin barrier,64,1
how to repair damaged skin barrier,67,1
how to repair damaged skin barrier,72,1
how to repair damaged skin barrier,81,1
how to repair damaged skin barrier,83,1
spot treatment for acne,22,5
spot treatment for acne,16,5
spot treatment for acne,102,5
spot treatment for acne,10,5
spot treatment for acne,76,5
spot treatment for acne,45,5
spot treatment for acne,14,5
spot treatment for acne,66,5
spot treatment for acne,90,5
spot treatment for acne,149,5
spot treatment for acne,34,4
spot treatment for acne,75,4
spot treatment for acne,25,4
spot treatment for acne,131,4
spot treatment for acne,111,4
spot treatment for acne,126,4
spot treatment for acne,142,4
spot treatment for acne,15,4
spot treatment for acne,41,4
spot treatment for acne,144,4
spot treatment for acne,141,3
spot treatment for acne,1,3
spot treatment for acne,2,3
spot treatment for acne,3,3
spot treatment for acne,4,3
spot treatment for acne,5,3
spot treatment for acne,6,3
spot treatment for acne,7,3
spot treatment for acne,8,3
spot treatment for acne,9,3
spot treatment for acne,11,2
spot treatment for acne,12,2
spot treatment for acne,13,2
spot treatment for acne,17,2
spot treatment for acne,18,2
spot treatment for acne,19,2
spot treatment for acne,20,2
spot treatment for acne,21,2
spot treatment for acne,23,2
spot treatment for acne,24,2
spot treatment for acne,26,1
spot treatment for acne,27,1
spot treatment for acne,28,1
spot treatment for acne,29,1
spot treatment for acne,30,1
spot treatment for acne,31,1
spot treatment for acne,32,1
spot treatment for acne,33,1
spot treatment for acne,35,1
spot treatment for acne,36,1
most popular anti-oxidant in united states during the summer,1,5
most popular anti-oxidant in united states during the summer,11,5
most popular anti-oxidant in united states during the summer,153,5
most popular anti-oxidant in united states during the summer,62,5
most popular anti-oxidant in united states during the summer,82,5
most popular anti-oxidant in united states during the summer,12,5
most popular anti-oxidant in united states during the summer,17,5
most popular anti-oxidant in united states during the summer,131,5
most popular anti-oxidant in united states during the summer,124,5
most popular anti-oxidant in united states during the summer,143,5
most popular anti-oxidant in united states during the summer,122,4
most popular anti-oxidant in united states during the summer,99,4
most popular anti-oxidant in united states during the summer,66,4
most popular anti-oxidant in united states during the summer,2,4
most popular anti-oxidant in united states during the summer,3,4
most popular anti-oxidant in united states during the summer,4,4
most popular anti-oxidant in united states during the summer,5,4
most popular anti-oxidant in united states during the summer,6,4
most popular anti-oxidant in united states during the summer,7,4
most popular anti-oxidant in united states during the summer,8,4
most popular anti-oxidant in united states during the summer,9,3
most popular anti-oxidant in united states during the summer,10,3
most popular anti-oxidant in united states during the summer,13,3
most popular anti-oxidant in united states during the summer,14,3
most popular anti-oxidant in united states during the summer,15,3
most popular anti-oxidant in united states during the summer,16,3
most popular anti-oxidant in united states during the summer,18,3
most popular anti-oxidant in united states during the summer,19,3
most popular anti-oxidant in united states during the summer,20,3
most popular anti-oxidant in united states during the summer,21,3
most popular anti-oxidant in united states during the summer,22,2
most popular anti-oxidant in united states during the summer,23,2
most popular anti-oxidant in united states during the summer,24,2
most popular anti-oxidant in united states during the summer,25,2
most popular anti-oxidant in united states during the summer,26,2
most popular anti-oxidant in united states during the summer,27,2
most popular anti-oxidant in united states during the summer,28,2
most popular anti-oxidant in united states during the summer,29,2
most popular anti-oxidant in united states during the summer,30,2
most popular anti-oxidant in united states during the summer,31,2
most popular anti-oxidant in united states during the summer,32,1
most popular anti-oxidant in united states during the summer,33,1
most popular anti-oxidant in united states during the summer,34,1
most popular anti-oxidant in united states during the summer,35,1
most popular anti-oxidant in united states during the summer,36,1
most popular anti-oxidant in united states during the summer,37,1
most popular anti-oxidant in united states during the summer,38,1
most popular anti-oxidant in united states during the summer,39,1
most popular anti-oxidant in united states during the summer,40,1
most popular anti-oxidant in united states during the summer,41,1
clinically recommended chemical peel,140,5
clinically recommended chemical peel,33,5
clinically recommended chemical peel,78,5
clinically recommended chemical peel,60,5
clinically recommended chemical peel,1,5
clinically recommended chemical peel,2,5
clinically recommended chemical peel,3,5
clinically recommended chemical peel,4,5
clinically recommended chemical peel,5,5
clinically recommended chemical peel,6,5
clinically recommended chemical peel,7,4
clinically recommended chemical peel,8,4
clinically recommended chemical peel,9,4
clinically recommended chemical peel,10,4
clinically recommended chemical peel,11,4
clinically recommended chemical peel,12,4
clinically recommended chemical peel,13,4
clinically recommended chemical peel,14,4
clinically recommended chemical peel,15,4
clinically recommended chemical peel,16,4
clinically recommended chemical peel,17,3
clinically recommended chemical peel,18,3
clinically recommended chemical peel,19,3
clinically recommended chemical peel,20,3
clinically recommended chemical peel,21,3
clinically recommended chemical peel,22,3
clinically recommended chemical peel,23,3
clinically recommended chemical peel,24,3
clinically recommended chemical peel,25,3
clinically recommended chemical peel,26,3
clinically recommended chemical peel,27,2
clinically recommended chemical peel,28,2
clinically recommended chemical peel,29,2
clinically recommended chemical peel,30,2
clinically recommended chemical peel,31,2
clinically recommended chemical peel,32,2
clinically recommended chemical peel,34,2
clinically recommended chemical peel,35,2
clinically recommended chemical peel,36,2
clinically recommended chemical peel,37,2
clinically recommended chemical peel,38,1
clinically recommended chemical peel,39,1
clinically recommended chemical peel,40,1
clinically recommended chemical peel,41,1
clinically recommended chemical peel,42,1
clinically recommended chemical peel,43,1
clinically recommended chemical peel,44,1
clinically recommended chemical peel,45,1
clinically recommended chemical peel,46,1
clinically recommended chemical peel,47,1
products that can treat closed comedones fast,66,5
products that can treat closed comedones fast,149,5
products that can treat closed comedones fast,57,5
products that can treat closed comedones fast,48,5
products that can treat closed comedones fast,141,5
products that can treat closed comedones fast,19,5
products that can treat closed comedones fast,1,5
products that can treat closed comedones fast,2,5
products that can treat closed comedones fast,3,5
products that can treat closed comedones fast,4,5
products that can treat closed comedones fast,5,4
products that can treat closed comedones fast,6,4
products that can treat closed comedones fast,7,4
products that can treat closed comedones fast,8,4
products that can treat closed comedones fast,9,4
products that can treat closed comedones fast,10,4
products that can treat closed comedones fast,11,4
products that can treat closed comedones fast,12,4
products that can treat closed comedones fast,13,4
products that can treat closed comedones fast,14,4
products that can treat closed comedones fast,15,3
products that can treat closed comedones fast,16,3
products that can treat closed comedones fast,17,3
products that can treat closed comedones fast,18,3
products that can treat closed comedones fast,20,3
products that can treat closed comedones fast,21,3
products that can treat closed comedones fast,22,3
products that can treat closed comedones fast,23,3
products that can treat closed comedones fast,24,3
products that can treat closed comedones fast,25,3
products that can treat closed comedones fast,26,2
products that can treat closed comedones fast,27,2
products that can treat closed comedones fast,28,2
products that can treat closed comedones fast,29,2
products that can treat closed comedones fast,30,2
products that can treat closed comedones fast,31,2
products that can treat closed comedones fast,32,2
products that can treat closed comedones fast,33,2
products that can treat closed comedones fast,34,2
products that can treat closed comedones fast,35,2
products that can treat closed comedones fast,36,1
products that can treat closed comedones fast,37,1
products that can treat closed comedones fast,38,1
products that can treat closed comedones fast,39,1
products that can treat closed comedones fast,40,1
products that can treat closed comedones fast,41,1
products that can treat closed comedones fast,42,1
products that can treat closed comedones fast,43,1
products that can treat closed comedones fast,44,1
products that can treat closed comedones fast,45,1
moisturizer that has vitamin e in it,129,5
moisturizer that has vitamin e in it,127,5
moisturizer that has vitamin e in it,81,5
moisturizer that has vitamin e in it,61,5
moisturizer that has vitamin e in it,151,5
moisturizer that has vitamin e in it,7,5
moisturizer that has vitamin e in it,50,5
moisturizer that has vitamin e in it,145,5
moisturizer that has vitamin e in it,98,5
moisturizer that has vitamin e in it,46,5
moisturizer that has vitamin e in it,115,4
moisturizer that has vitamin e in it,153,4
moisturizer that has vitamin e in it,47,4
moisturizer that has vitamin e in it,120,4
moisturizer that has vitamin e in it,6,4
moisturizer that has vitamin e in it,155,4
moisturizer that has vitamin e in it,93,4
moisturizer that has vitamin e in it,23,4
moisturizer that has vitamin e in it,91,4
moisturizer that has vitamin e in it,124,4
moisturizer that has vitamin e in it,49,3
moisturizer that has vitamin e in it,30,3
moisturizer that has vitamin e in it,68,3
moisturizer that has vitamin e in it,148,3
moisturizer that has vitamin e in it,136,3
moisturizer that has vitamin e in it,150,3
moisturizer that has vitamin e in it,123,3
moisturizer that has vitamin e in it,126,3
moisturizer that has vitamin e in it,71,3
moisturizer that has vitamin e in it,109,3
moisturizer that has vitamin e in it,103,2
moisturizer that has vitamin e in it,41,2
moisturizer that has vitamin e in it,1,2
moisturizer that has vitamin e in it,2,2
moisturizer that has vitamin e in it,3,2
moisturizer that has vitamin e in it,4,2
moisturizer that has vitamin e in it,5,2
moisturizer that has vitamin e in it,8,2
moisturizer that has vitamin e in it,9,2
moisturizer that has vitamin e in it,10,2
moisturizer that has vitamin e in it,11,1
moisturizer that has vitamin e in it,12,1
moisturizer that has vitamin e in it,13,1
moisturizer that has vitamin e in it,14,1
moisturizer that has vitamin e in it,15,1
moisturizer that has vitamin e in it,16,1
moisturizer that has vitamin e in it,17,1
moisturizer that has vitamin e in it,18,1
moisturizer that has vitamin e in it,19,1
moisturizer that has vitamin e in it,20,1
oil-based cleanser to remove makeup,2,5
oil-based cleanser to remove makeup,152,5
oil-based cleanser to remove makeup,136,5
oil-based cleanser to remove makeup,117,5
oil-based cleanser to remove makeup,35,5
oil-based cleanser to remove makeup,57,5
oil-based cleanser to remove makeup,28,5
oil-based cleanser to remove makeup,42,5
oil-based cleanser to remove makeup,81,5
oil-based cleanser to remove makeup,105,5
oil-based cleanser to remove makeup,133,4
oil-based cleanser to remove makeup,147,4
oil-based cleanser to remove makeup,76,4
oil-based cleanser to remove makeup,22,4
oil-based cleanser to remove makeup,43,4
oil-based cleanser to remove makeup,86,4
oil-based cleanser to remove makeup,112,4
oil-based cleanser to remove makeup,77,4
oil-based cleanser to remove makeup,80,4
oil-based cleanser to remove makeup,5,4
oil-based cleanser to remove makeup,53,3
oil-based cleanser to remove makeup,114,3
oil-based cleanser to remove makeup,37,3
oil-based cleanser to remove makeup,88,3
oil-based cleanser to remove makeup,75,3
oil-based cleanser to remove makeup,132,3
oil-based cleanser to remove makeup,64,3
oil-based cleanser to remove makeup,106,3
oil-based cleanser to remove makeup,9,3
oil-based cleanser to remove makeup,98,3
oil-based cleanser to remove makeup,73,2
oil-based cleanser to remove makeup,95,2
oil-based cleanser to remove makeup,97,2
oil-based cleanser to remove makeup,82,2
oil-based cleanser to remove makeup,149,2
oil-based cleanser to remove makeup,131,2
oil-based cleanser to remove makeup,84,2
oil-based cleanser to remove makeup,124,2
oil-based cleanser to remove makeup,141,2
oil-based cleanser to remove makeup,144,2
oil-based cleanser to remove makeup,96,1
oil-based cleanser to remove makeup,155,1
oil-based cleanser to remove makeup,1,1
oil-based cleanser to remove makeup,3,1
oil-based cleanser to remove makeup,4,1
oil-based cleanser to remove makeup,6,1
oil-based cleanser to remove makeup,7,1
oil-based cleanser to remove makeup,8,1
oil-based cleanser to remove makeup,10,1
oil-based cleanser to remove makeup,11,1
